{
  "h5": "/Users/gelu/Library/CloudStorage/Dropbox/@Projects/@SUNCAST-ORG/gximagecomputing/test_data/test.chr.sfq.newschema.h5",
  "sav": "/Users/gelu/Library/CloudStorage/Dropbox/@Projects/@SUNCAST-ORG/gximagecomputing/test_data/test.chr.sfq.sav",
  "direct": {
    "bx": {
      "mae": 29.070894760159185,
      "rmse": 43.258491376140384,
      "max_abs": 395.8712047885984,
      "corr": 0.962767017673626,
      "mean_a": 20.692613419087,
      "mean_b": 17.699200209587392,
      "std_a": 157.13355146498805,
      "std_b": 158.89416781021322
    },
    "by": {
      "mae": 25.43099113581505,
      "rmse": 36.60493448340379,
      "max_abs": 314.5078912950343,
      "corr": 0.9720667069866321,
      "mean_a": 2.461200946744212,
      "mean_b": -3.465778898792007,
      "std_a": 152.39141982765543,
      "std_b": 153.18582513676304
    },
    "bz": {
      "mae": 15.643495126173242,
      "rmse": 22.68380306147661,
      "max_abs": 172.98518677297034,
      "corr": 0.9962857622099527,
      "mean_a": -6.356661546845859,
      "mean_b": -3.613539958395741,
      "std_a": 259.37050553841635,
      "std_b": 261.27454444887917
    },
    "ic": {
      "mae": 0.0038780169768464763,
      "rmse": 0.005286619626381955,
      "max_abs": 0.04503036662786841,
      "corr": 0.9971482476157902,
      "mean_a": 0.9867812801099165,
      "mean_b": 0.9867820679918112,
      "std_a": 0.06981646901502572,
      "std_b": 0.07005000037938162
    },
    "chromo_mask": {
      "h5_shape": [
        150,
        100
      ],
      "sav_shape": [
        100,
        150
      ],
      "error": "shape mismatch"
    }
  },
  "relative": {
    "bx": {
      "mae": 0.46260592322793614,
      "rmse": 0.6281897333990009,
      "max_abs": 1.0,
      "min": -1.0,
      "max": 1.0,
      "mean": 0.03687755425122259,
      "std": 0.6271063603092827,
      "valid_count": 15000,
      "total_count": 15000
    },
    "by": {
      "mae": 0.4700778367946598,
      "rmse": 0.6300690600000707,
      "max_abs": 1.0,
      "min": -1.0,
      "max": 1.0,
      "mean": 0.09537600660038252,
      "std": 0.6228085080779938,
      "valid_count": 15000,
      "total_count": 15000
    },
    "bz": {
      "mae": 0.4329271911211279,
      "rmse": 0.597156465082868,
      "max_abs": 1.0,
      "min": -1.0,
      "max": 1.0,
      "mean": -0.09320609875886497,
      "std": 0.5898376615174885,
      "valid_count": 15000,
      "total_count": 15000
    },
    "ic": {
      "mae": 0.0020808534267776914,
      "rmse": 0.0033367371045163944,
      "max_abs": 0.04638008561038941,
      "min": -0.04200516569532322,
      "max": 0.04638008561038941,
      "mean": 3.731503224857847e-05,
      "std": 0.003336528449305466,
      "valid_count": 15000,
      "total_count": 15000
    },
    "chromo_mask": {
      "h5_shape": [
        150,
        100
      ],
      "sav_shape": [
        100,
        150
      ],
      "error": "shape mismatch"
    }
  },
  "best_simple_transform": {
    "bx": {
      "transform": "direct",
      "mae": 29.070894760159185,
      "rmse": 43.258491376140384,
      "max_abs": 395.8712047885984,
      "corr": 0.962767017673626,
      "mean_a": 20.692613419087,
      "mean_b": 17.699200209587392,
      "std_a": 157.13355146498805,
      "std_b": 158.89416781021322
    },
    "by": {
      "transform": "direct",
      "mae": 25.43099113581505,
      "rmse": 36.60493448340379,
      "max_abs": 314.5078912950343,
      "corr": 0.9720667069866321,
      "mean_a": 2.461200946744212,
      "mean_b": -3.465778898792007,
      "std_a": 152.39141982765543,
      "std_b": 153.18582513676304
    },
    "bz": {
      "transform": "direct",
      "mae": 15.643495126173242,
      "rmse": 22.68380306147661,
      "max_abs": 172.98518677297034,
      "corr": 0.9962857622099527,
      "mean_a": -6.356661546845859,
      "mean_b": -3.613539958395741,
      "std_a": 259.37050553841635,
      "std_b": 261.27454444887917
    },
    "ic": {
      "transform": "direct",
      "mae": 0.0038780169768464763,
      "rmse": 0.005286619626381955,
      "max_abs": 0.04503036662786841,
      "corr": 0.9971482476157902,
      "mean_a": 0.9867812801099165,
      "mean_b": 0.9867820679918112,
      "std_a": 0.06981646901502572,
      "std_b": 0.07005000037938162
    },
    "chromo_mask": {
      "transform": "T",
      "mae": 0.3496,
      "rmse": 0.9645033264155529,
      "max_abs": 5.0,
      "corr": 0.8332347003296657,
      "mean_a": 2.3522666666666665,
      "mean_b": 2.3342666666666667,
      "std_a": 1.674447628987608,
      "std_b": 1.664972210645638
    }
  },
  "horizontal_magnitude": {
    "mae": 12.539550430984182,
    "rmse": 18.098794156760185,
    "max_abs": 279.26414185051965,
    "corr": 0.9954809736191932,
    "mean_a": 112.39589388139406,
    "mean_b": 113.17036042839747,
    "std_a": 188.98545613856962,
    "std_b": 190.34441525527384
  },
  "notes": [
    "best_simple_transform searches transpose/flip/sign variants of each SAV base map independently.",
    "Large Bx/By mismatch with good Bz/IC agreement often points to horizontal-vector convention or disambiguation differences.",
    "relative uses (H5-SAV)/(abs(H5)+abs(SAV)) when --relative-mode=bounded (guaranteed in [-1,1] for nonzero denominator)."
  ]
}