{
  "h5": "/Users/gelu/Library/CloudStorage/Dropbox/@Projects/@SUNCAST-ORG/gximagecomputing/test_data/test.chr.newschema.h5",
  "sav": "/Users/gelu/Library/CloudStorage/Dropbox/@Projects/@SUNCAST-ORG/gximagecomputing/test_data/test.chr.sav",
  "direct": {
    "bx": {
      "mae": 28.88719021715379,
      "rmse": 40.811704998664446,
      "max_abs": 206.89056780176972,
      "corr": 0.9672426927140758,
      "mean_a": 14.561937702755467,
      "mean_b": 20.760289256004352,
      "std_a": 156.90750455118373,
      "std_b": 158.141523188936
    },
    "by": {
      "mae": 25.7952951416297,
      "rmse": 34.82349822968283,
      "max_abs": 233.0556934983124,
      "corr": 0.9754984692355051,
      "mean_a": -5.934533091643016,
      "mean_b": 2.5035482927451804,
      "std_a": 150.9618453984273,
      "std_b": 153.4599576330838
    },
    "bz": {
      "mae": 17.60587087978776,
      "rmse": 23.91741481119873,
      "max_abs": 172.9852022642126,
      "corr": 0.9959885633622648,
      "mean_a": -1.2120673658550718,
      "mean_b": -6.430946940745334,
      "std_a": 259.8190739522901,
      "std_b": 260.85061883132335
    },
    "ic": {
      "mae": 0.0038780169768464763,
      "rmse": 0.005286619626381955,
      "max_abs": 0.04503036662786841,
      "corr": 0.9971482476157902,
      "mean_a": 0.9867812801099165,
      "mean_b": 0.9867820679918112,
      "std_a": 0.06981646901502572,
      "std_b": 0.07005000037938162
    },
    "chromo_mask": {
      "h5_shape": [
        150,
        100
      ],
      "sav_shape": [
        100,
        150
      ],
      "error": "shape mismatch"
    }
  },
  "relative": {
    "bx": {
      "mae": 0.5118382990038423,
      "rmse": 0.6674991522506408,
      "max_abs": 1.0,
      "min": -1.0,
      "max": 1.0,
      "mean": -0.0931524911910618,
      "std": 0.6609672697193284,
      "valid_count": 15000,
      "total_count": 15000
    },
    "by": {
      "mae": 0.5419176423095452,
      "rmse": 0.6863941770985573,
      "max_abs": 1.0,
      "min": -1.0,
      "max": 1.0,
      "mean": -0.1558084922128752,
      "std": 0.6684763870991676,
      "valid_count": 15000,
      "total_count": 15000
    },
    "bz": {
      "mae": 0.46439137935028546,
      "rmse": 0.623042861250621,
      "max_abs": 1.0,
      "min": -1.0,
      "max": 1.0,
      "mean": 0.1658412719043627,
      "std": 0.600565632956552,
      "valid_count": 15000,
      "total_count": 15000
    },
    "ic": {
      "mae": 0.0020808534267776914,
      "rmse": 0.0033367371045163944,
      "max_abs": 0.04638008561038941,
      "min": -0.04200516569532322,
      "max": 0.04638008561038941,
      "mean": 3.731503224857847e-05,
      "std": 0.003336528449305466,
      "valid_count": 15000,
      "total_count": 15000
    },
    "chromo_mask": {
      "h5_shape": [
        150,
        100
      ],
      "sav_shape": [
        100,
        150
      ],
      "error": "shape mismatch"
    }
  },
  "best_simple_transform": {
    "bx": {
      "transform": "direct",
      "mae": 28.88719021715379,
      "rmse": 40.811704998664446,
      "max_abs": 206.89056780176972,
      "corr": 0.9672426927140758,
      "mean_a": 14.561937702755467,
      "mean_b": 20.760289256004352,
      "std_a": 156.90750455118373,
      "std_b": 158.141523188936
    },
    "by": {
      "transform": "direct",
      "mae": 25.7952951416297,
      "rmse": 34.82349822968283,
      "max_abs": 233.0556934983124,
      "corr": 0.9754984692355051,
      "mean_a": -5.934533091643016,
      "mean_b": 2.5035482927451804,
      "std_a": 150.9618453984273,
      "std_b": 153.4599576330838
    },
    "bz": {
      "transform": "direct",
      "mae": 17.60587087978776,
      "rmse": 23.91741481119873,
      "max_abs": 172.9852022642126,
      "corr": 0.9959885633622648,
      "mean_a": -1.2120673658550718,
      "mean_b": -6.430946940745334,
      "std_a": 259.8190739522901,
      "std_b": 260.85061883132335
    },
    "ic": {
      "transform": "direct",
      "mae": 0.0038780169768464763,
      "rmse": 0.005286619626381955,
      "max_abs": 0.04503036662786841,
      "corr": 0.9971482476157902,
      "mean_a": 0.9867812801099165,
      "mean_b": 0.9867820679918112,
      "std_a": 0.06981646901502572,
      "std_b": 0.07005000037938162
    },
    "chromo_mask": {
      "transform": "T",
      "mae": 0.32506666666666667,
      "rmse": 0.924698148947356,
      "max_abs": 5.0,
      "corr": 0.8467174715770239,
      "mean_a": 2.3522666666666665,
      "mean_b": 2.2784,
      "std_a": 1.674447628987608,
      "std_b": 1.6543156006840614
    }
  },
  "horizontal_magnitude": {
    "mae": 16.01273960166085,
    "rmse": 20.656847020162207,
    "max_abs": 130.95045995723183,
    "corr": 0.9956015868212734,
    "mean_a": 103.19136104011119,
    "mean_b": 113.19842648741876,
    "std_a": 192.37529849214678,
    "std_b": 190.2158604272635
  },
  "notes": [
    "best_simple_transform searches transpose/flip/sign variants of each SAV base map independently.",
    "Large Bx/By mismatch with good Bz/IC agreement often points to horizontal-vector convention or disambiguation differences.",
    "relative uses (H5-SAV)/(abs(H5)+abs(SAV)) when --relative-mode=bounded (guaranteed in [-1,1] for nonzero denominator)."
  ]
}