{
  "case": "hmi_recanon_h5",
  "source": "/tmp/pyampp_models_recanon/2025-11-26/hmi.M_720s.20251126_154752.W28S12CR.CEA.NAS.CHR.h5",
  "metrics": {
    "bx": {
      "mae": 79.7954397202099,
      "rmse": 114.47252269419558,
      "corr": 0.7601555901138386,
      "base_min": -1435.1926925274545,
      "base_max": 1231.5133865951043,
      "z0_min": -1381.9333554813998,
      "z0_max": 1046.2593784981846,
      "diff_min": -509.4897061068647,
      "diff_max": 1552.4285815611354
    },
    "by": {
      "mae": 81.66407833442545,
      "rmse": 124.11892985713416,
      "corr": 0.7581416973661755,
      "base_min": -1408.887642654458,
      "base_max": 1210.6354802995993,
      "z0_min": -1710.2505455328403,
      "z0_max": 1196.352667048117,
      "diff_min": -480.99382575851524,
      "diff_max": 1645.2147458520233
    },
    "bz": {
      "mae": 5.138622976204784e-14,
      "rmse": 8.910757617947617e-14,
      "corr": 1.0,
      "base_min": -2631.2531946627782,
      "base_max": 1908.393597324081,
      "z0_min": -2631.2531946627782,
      "z0_max": 1908.3935973240816,
      "diff_min": -6.821210263296962e-13,
      "diff_max": 9.094947017729282e-13
    }
  }
}