{
  "model": "/tmp/pyampp_models_sfq_recanon/2025-11-26/hmi.M_720s.20251126_154752.W28S12CR.CEA.NAS.CHR.h5",
  "meta": {
    "axis_order_2d": "yx",
    "axis_order_3d": "zyx"
  },
  "comparison": "base vs corona z=0",
  "metrics": {
    "bx": {
      "mae": 62.32215687379759,
      "rmse": 102.13329962876828,
      "max_abs": 1549.7557592238022,
      "corr": 0.8084873553063083
    },
    "by": {
      "mae": 66.39884274710077,
      "rmse": 116.4882181840967,
      "max_abs": 1646.6129789918054,
      "corr": 0.7881787644906696
    },
    "bz": {
      "mae": 5.2271545584435996e-14,
      "rmse": 8.89053438965241e-14,
      "max_abs": 1.3642420526593924e-12,
      "corr": 1.0
    }
  },
  "relative_metrics": {
    "bx": {
      "mae": 0.46824303999231764,
      "rmse": 0.572085852476978,
      "max_abs": 1.0,
      "min": -1.0,
      "max": 1.0
    },
    "by": {
      "mae": 0.4723199476823909,
      "rmse": 0.5724271910128818,
      "max_abs": 1.0,
      "min": -1.0,
      "max": 1.0
    },
    "bz": {
      "mae": 6.593314682229715e-15,
      "rmse": 8.746001961213784e-14,
      "max_abs": 5.8655665376989176e-12,
      "min": -2.8013856059693553e-12,
      "max": 5.8655665376989176e-12
    }
  }
}