{
  "model": "/tmp/pyampp_models_newschema/2025-11-26/hmi.M_720s.20251126_154752.W28S12CR.CEA.NAS.CHR.h5",
  "comparison": "base vs corona z=0",
  "orientation_applied": {
    "bx": "transpose",
    "by": "transpose",
    "bz": "transpose"
  },
  "metrics": {
    "bx": {
      "mae": 79.7954397202099,
      "rmse": 114.47252269419558,
      "max_abs": 1552.4285815611354,
      "corr": 0.7601555901138386,
      "mean_base": 14.561937702755467,
      "mean_corona_z0": 20.874182310631557,
      "std_base": 156.90750455118373,
      "std_corona_z0": 170.95064865922134
    },
    "by": {
      "mae": 81.66407833442545,
      "rmse": 124.11892985713416,
      "max_abs": 1645.2147458520233,
      "corr": 0.7581416973661755,
      "mean_base": -5.934533091643016,
      "mean_corona_z0": 7.214856770507709,
      "std_base": 150.9618453984273,
      "std_corona_z0": 188.89530529366314
    },
    "bz": {
      "mae": 5.138622976204784e-14,
      "rmse": 8.910757617947617e-14,
      "max_abs": 9.094947017729282e-13,
      "corr": 1.0,
      "mean_base": -1.2120673658550718,
      "mean_corona_z0": -1.2120673658550718,
      "std_base": 259.8190739522901,
      "std_corona_z0": 259.81907395229024
    }
  },
  "relative_metrics": {
    "bx": {
      "mae": 0.6745362687447447,
      "rmse": 0.7629228577699673,
      "max_abs": 1.0,
      "min": -1.0,
      "max": 1.0,
      "mean": -0.08047229191499262,
      "std": 0.7586669210805502,
      "valid_count": 15000,
      "total_count": 15000
    },
    "by": {
      "mae": 0.7171802683430082,
      "rmse": 0.7925079155745797,
      "max_abs": 1.0,
      "min": -1.0,
      "max": 1.0,
      "mean": -0.2159485455165126,
      "std": 0.7625188666109631,
      "valid_count": 15000,
      "total_count": 15000
    },
    "bz": {
      "mae": 3.3688396740641205e-15,
      "rmse": 4.6214353762619894e-14,
      "max_abs": 4.7141489703382555e-12,
      "min": -4.7141489703382555e-12,
      "max": 1.0981574833041782e-12,
      "mean": -6.27414395518516e-16,
      "std": 4.621009462090373e-14,
      "valid_count": 15000,
      "total_count": 15000
    }
  }
}