{
  "case": "sfq_recanon_h5",
  "source": "/tmp/pyampp_models_sfq_recanon/2025-11-26/hmi.M_720s.20251126_154752.W28S12CR.CEA.NAS.CHR.h5",
  "metrics": {
    "bx": {
      "mae": 62.32215687379759,
      "rmse": 102.13329962876828,
      "corr": 0.8084873553063083,
      "base_min": -1435.1926925274545,
      "base_max": 1231.5133865951043,
      "z0_min": -1387.5754866314426,
      "z0_max": 1048.115322842561,
      "diff_min": -511.21254862998023,
      "diff_max": 1549.7557592238022
    },
    "by": {
      "mae": 66.39884274710077,
      "rmse": 116.4882181840967,
      "corr": 0.7881787644906696,
      "base_min": -1408.887642654458,
      "base_max": 1210.6354802995993,
      "z0_min": -1713.3054325370351,
      "z0_max": 1194.5817001403527,
      "diff_min": -482.30188460103216,
      "diff_max": 1646.6129789918054
    },
    "bz": {
      "mae": 5.2271545584435996e-14,
      "rmse": 8.89053438965241e-14,
      "corr": 1.0,
      "base_min": -2631.2531946627782,
      "base_max": 1908.393597324081,
      "z0_min": -2631.2531946627782,
      "z0_max": 1908.3935973240814,
      "diff_min": -4.547473508864641e-13,
      "diff_max": 1.3642420526593924e-12
    }
  }
}