{
  "model": "/tmp/pyampp_models_recanon/2025-11-26/hmi.M_720s.20251126_154752.W28S12CR.CEA.NAS.CHR.h5",
  "meta": {
    "axis_order_2d": "yx",
    "axis_order_3d": "zyx"
  },
  "comparison": "base vs corona z=0",
  "metrics": {
    "bx": {
      "mae": 79.7954397202099,
      "rmse": 114.47252269419558,
      "max_abs": 1552.4285815611354,
      "corr": 0.7601555901138386
    },
    "by": {
      "mae": 81.66407833442545,
      "rmse": 124.11892985713416,
      "max_abs": 1645.2147458520233,
      "corr": 0.7581416973661755
    },
    "bz": {
      "mae": 5.138622976204784e-14,
      "rmse": 8.910757617947617e-14,
      "max_abs": 9.094947017729282e-13,
      "corr": 1.0
    }
  },
  "relative_metrics": {
    "bx": {
      "mae": 0.6745362687447447,
      "rmse": 0.7629228577699673,
      "max_abs": 1.0,
      "min": -1.0,
      "max": 1.0
    },
    "by": {
      "mae": 0.7171802683430082,
      "rmse": 0.7925079155745797,
      "max_abs": 1.0,
      "min": -1.0,
      "max": 1.0
    },
    "bz": {
      "mae": 3.3688396740641205e-15,
      "rmse": 4.6214353762619894e-14,
      "max_abs": 4.7141489703382555e-12,
      "min": -4.7141489703382555e-12,
      "max": 1.0981574833041782e-12
    }
  }
}