{
  "model": "/tmp/pyampp_models_sfq_newschema/2025-11-26/hmi.M_720s.20251126_154752.W28S12CR.CEA.NAS.CHR.h5",
  "comparison": "base vs corona z=0",
  "orientation_applied": {
    "bx": "transpose",
    "by": "transpose",
    "bz": "transpose"
  },
  "metrics": {
    "bx": {
      "mae": 62.32215687379759,
      "rmse": 102.13329962876828,
      "max_abs": 1549.7557592238022,
      "corr": 0.8084873553063083,
      "mean_base": 20.692613419087,
      "mean_corona_z0": 20.439050839453373,
      "std_base": 157.13355146498805,
      "std_corona_z0": 170.39345433216093
    },
    "by": {
      "mae": 66.39884274710077,
      "rmse": 116.4882181840967,
      "max_abs": 1646.6129789918054,
      "corr": 0.7881787644906696,
      "mean_base": 2.461200946744212,
      "mean_corona_z0": 6.7807537180176025,
      "std_base": 152.39141982765543,
      "std_corona_z0": 189.0646904676264
    },
    "bz": {
      "mae": 5.2271545584435996e-14,
      "rmse": 8.89053438965241e-14,
      "max_abs": 1.3642420526593924e-12,
      "corr": 1.0,
      "mean_base": -6.356661546845859,
      "mean_corona_z0": -6.356661546845861,
      "std_base": 259.37050553841635,
      "std_corona_z0": 259.37050553841647
    }
  },
  "relative_metrics": {
    "bx": {
      "mae": 0.46824303999231764,
      "rmse": 0.572085852476978,
      "max_abs": 1.0,
      "min": -1.0,
      "max": 1.0,
      "mean": -0.009133224421340957,
      "std": 0.5720129428745298,
      "valid_count": 15000,
      "total_count": 15000
    },
    "by": {
      "mae": 0.4723199476823909,
      "rmse": 0.5724271910128818,
      "max_abs": 1.0,
      "min": -1.0,
      "max": 1.0,
      "mean": -0.07141560768679495,
      "std": 0.5679548397448727,
      "valid_count": 15000,
      "total_count": 15000
    },
    "bz": {
      "mae": 6.593314682229715e-15,
      "rmse": 8.746001961213784e-14,
      "max_abs": 5.8655665376989176e-12,
      "min": -2.8013856059693553e-12,
      "max": 5.8655665376989176e-12,
      "mean": 1.3925774234084898e-15,
      "std": 8.7448932290082e-14,
      "valid_count": 15000,
      "total_count": 15000
    }
  }
}