{
  "h5": "/Users/gelu/Library/CloudStorage/Dropbox/@Projects/@SUNCAST-ORG/gximagecomputing/test_data/test.chr.h5",
  "sav": "/Users/gelu/Library/CloudStorage/Dropbox/@Projects/@SUNCAST-ORG/gximagecomputing/test_data/test.chr.sav",
  "direct": {
    "bx": {
      "mae": 30.2083824235138,
      "rmse": 41.70712592269528,
      "max_abs": 208.34119334590054,
      "corr": 0.9657600520218387,
      "mean_a": 14.545190462090975,
      "mean_b": 20.760289256004352,
      "std_a": 156.9196754746011,
      "std_b": 158.141523188936
    },
    "by": {
      "mae": 26.53230147546491,
      "rmse": 35.28018452250484,
      "max_abs": 273.775357963202,
      "corr": 0.974811359368652,
      "mean_a": -5.945482774183064,
      "mean_b": 2.5035482927451804,
      "std_a": 150.9598275008864,
      "std_b": 153.4599576330838
    },
    "bz": {
      "mae": 19.578410724689384,
      "rmse": 27.40939683806158,
      "max_abs": 208.20404875280246,
      "corr": 0.9946693734622021,
      "mean_a": -1.1696486881827917,
      "mean_b": -6.430946940745334,
      "std_a": 259.78126303310563,
      "std_b": 260.85061883132335
    },
    "ic": {
      "mae": 0.004652043565630842,
      "rmse": 0.006527469266029605,
      "max_abs": 0.0626833361872865,
      "corr": 0.9956494996709763,
      "mean_a": 0.9867828906343035,
      "mean_b": 0.9867820679918112,
      "std_a": 0.06981521935790407,
      "std_b": 0.07005000037938162
    },
    "chromo_mask": {
      "mae": 0.3512,
      "rmse": 0.9577055915050303,
      "max_abs": 5.0,
      "corr": 0.8355149342652161,
      "mean_a": 2.3522666666666665,
      "mean_b": 2.2784,
      "std_a": 1.6745670671018889,
      "std_b": 1.6543156006840614
    }
  },
  "relative": {
    "bx": {
      "mae": 0.5197109412944423,
      "rmse": 0.6711435407890681,
      "max_abs": 1.0,
      "min": -1.0,
      "max": 1.0,
      "mean": -0.09264962643394178,
      "std": 0.6647177589507735,
      "valid_count": 15000,
      "total_count": 15000
    },
    "by": {
      "mae": 0.5473573658298184,
      "rmse": 0.6885735552032838,
      "max_abs": 1.0,
      "min": -1.0,
      "max": 1.0,
      "mean": -0.15574712375982466,
      "std": 0.6707282418132038,
      "valid_count": 15000,
      "total_count": 15000
    },
    "bz": {
      "mae": 0.4729386354389724,
      "rmse": 0.6266971343943228,
      "max_abs": 1.0,
      "min": -1.0,
      "max": 1.0,
      "mean": 0.16559919204271342,
      "std": 0.6044222082723768,
      "valid_count": 15000,
      "total_count": 15000
    },
    "ic": {
      "mae": 0.0025066878015042346,
      "rmse": 0.004199278278444192,
      "max_abs": 0.05840390792577295,
      "min": -0.05840390792577295,
      "max": 0.05823163840038301,
      "mean": 3.768911966866681e-05,
      "std": 0.004199109142433882,
      "valid_count": 15000,
      "total_count": 15000
    },
    "chromo_mask": {
      "mae": 0.07105371184371184,
      "rmse": 0.18615912331944282,
      "max_abs": 0.7142857142857143,
      "min": -0.7142857142857143,
      "max": 0.7142857142857143,
      "mean": 0.013908266178266177,
      "std": 0.18563884110545942,
      "valid_count": 15000,
      "total_count": 15000
    }
  },
  "best_simple_transform": {
    "bx": {
      "transform": "direct",
      "mae": 30.2083824235138,
      "rmse": 41.70712592269528,
      "max_abs": 208.34119334590054,
      "corr": 0.9657600520218387,
      "mean_a": 14.545190462090975,
      "mean_b": 20.760289256004352,
      "std_a": 156.9196754746011,
      "std_b": 158.141523188936
    },
    "by": {
      "transform": "direct",
      "mae": 26.53230147546491,
      "rmse": 35.28018452250484,
      "max_abs": 273.775357963202,
      "corr": 0.974811359368652,
      "mean_a": -5.945482774183064,
      "mean_b": 2.5035482927451804,
      "std_a": 150.9598275008864,
      "std_b": 153.4599576330838
    },
    "bz": {
      "transform": "direct",
      "mae": 19.578410724689384,
      "rmse": 27.40939683806158,
      "max_abs": 208.20404875280246,
      "corr": 0.9946693734622021,
      "mean_a": -1.1696486881827917,
      "mean_b": -6.430946940745334,
      "std_a": 259.78126303310563,
      "std_b": 260.85061883132335
    },
    "ic": {
      "transform": "direct",
      "mae": 0.004652043565630842,
      "rmse": 0.006527469266029605,
      "max_abs": 0.0626833361872865,
      "corr": 0.9956494996709763,
      "mean_a": 0.9867828906343035,
      "mean_b": 0.9867820679918112,
      "std_a": 0.06981521935790407,
      "std_b": 0.07005000037938162
    },
    "chromo_mask": {
      "transform": "direct",
      "mae": 0.3512,
      "rmse": 0.9577055915050303,
      "max_abs": 5.0,
      "corr": 0.8355149342652161,
      "mean_a": 2.3522666666666665,
      "mean_b": 2.2784,
      "std_a": 1.6745670671018889,
      "std_b": 1.6543156006840614
    }
  },
  "horizontal_magnitude": {
    "mae": 17.12674520815344,
    "rmse": 22.098947132847186,
    "max_abs": 166.76611682094483,
    "corr": 0.994765861053804,
    "mean_a": 103.17223484781987,
    "mean_b": 113.19842648741876,
    "std_a": 192.39297117528596,
    "std_b": 190.2158604272635
  },
  "notes": [
    "best_simple_transform searches transpose/flip/sign variants of each SAV base map independently.",
    "Large Bx/By mismatch with good Bz/IC agreement often points to horizontal-vector convention or disambiguation differences.",
    "relative uses (H5-SAV)/(abs(H5)+abs(SAV)) when --relative-mode=bounded (guaranteed in [-1,1] for nonzero denominator)."
  ]
}