{
  "bx": {
    "shape_h5_xyz": [
      150,
      100,
      100
    ],
    "shape_sav_xyz": [
      150,
      100,
      100
    ],
    "mae": 3.329608447140605,
    "rmse": 8.69617361259025,
    "max_abs": 372.3491896642249,
    "corr": 0.9611601242087079
  },
  "by": {
    "shape_h5_xyz": [
      150,
      100,
      100
    ],
    "shape_sav_xyz": [
      150,
      100,
      100
    ],
    "mae": 2.863499813218128,
    "rmse": 8.360933466976064,
    "max_abs": 310.2750186675882,
    "corr": 0.9560345580939793
  },
  "bz": {
    "shape_h5_xyz": [
      150,
      100,
      100
    ],
    "shape_sav_xyz": [
      150,
      100,
      100
    ],
    "mae": 2.8639590340458057,
    "rmse": 7.46776342806094,
    "max_abs": 309.95547102258195,
    "corr": 0.990150547717724
  }
}