{
  "bx": {
    "shape_h5_xyz": [
      150,
      100,
      100
    ],
    "shape_sav_xyz": [
      150,
      100,
      100
    ],
    "mae": 1.4713100529496455,
    "rmse": 3.903971339676433,
    "max_abs": 242.46365789550455,
    "corr": 0.9922405900517894
  },
  "by": {
    "shape_h5_xyz": [
      150,
      100,
      100
    ],
    "shape_sav_xyz": [
      150,
      100,
      100
    ],
    "mae": 1.4511241271870683,
    "rmse": 4.153690004791655,
    "max_abs": 198.58252499185932,
    "corr": 0.9894689381899592
  },
  "bz": {
    "shape_h5_xyz": [
      150,
      100,
      100
    ],
    "shape_sav_xyz": [
      150,
      100,
      100
    ],
    "mae": 0.9680220006237195,
    "rmse": 3.5978120386725463,
    "max_abs": 236.18461453272923,
    "corr": 0.997670828864535
  }
}