{
  "case": "sfq_sav_recheck",
  "metrics": {
    "bx": {
      "mae": 1.6221405210996511e-06,
      "rmse": 4.012315986098462e-06,
      "corr": 0.9999999999999994
    },
    "by": {
      "mae": 1.4568743384904078e-06,
      "rmse": 3.9375024885142055e-06,
      "corr": 0.9999999999999989
    },
    "bz": {
      "mae": 2.1516091512664953e-06,
      "rmse": 6.60779304375578e-06,
      "corr": 0.9999999999999993
    }
  },
  "source": "/Users/gelu/Library/CloudStorage/Dropbox/@Projects/sim4fasr/gx_models_sfq/2025-11-26/hmi.M_720s.20251126_153431.W28S12CR.CEA.NAS.CHR.sav"
}