{
  "model": "/Users/gelu/Library/CloudStorage/Dropbox/@Projects/@SUNCAST-ORG/gximagecomputing/test_data/test.chr.sav",
  "bcube_shape": [
    3,
    100,
    100,
    150
  ],
  "comparison": "SAV base vs bcube[comp,0,:,:]",
  "metrics": {
    "bx": {
      "mae": 1.57975337647446e-06,
      "rmse": 3.922244725262453e-06,
      "max_abs": 5.805137175229902e-05,
      "corr": 1.0
    },
    "by": {
      "mae": 1.5058490962665497e-06,
      "rmse": 3.964093071758069e-06,
      "max_abs": 6.0316037206575857e-05,
      "corr": 0.9999999999999987
    },
    "bz": {
      "mae": 2.1199188792990846e-06,
      "rmse": 6.6040974273292825e-06,
      "max_abs": 0.00010938079549305257,
      "corr": 1.0
    }
  },
  "relative_metrics": {
    "bx": {
      "mae": 1.0721294503529591e-08,
      "rmse": 1.2638339058719516e-08,
      "max_abs": 2.953090434684886e-08,
      "min": -2.936127722657032e-08,
      "max": 2.953090434684886e-08
    },
    "by": {
      "mae": 1.0726166958668668e-08,
      "rmse": 1.268087596472053e-08,
      "max_abs": 2.9568531342535486e-08,
      "min": -2.9568531342535486e-08,
      "max": 2.9232768243288337e-08
    },
    "bz": {
      "mae": 1.077823764529019e-08,
      "rmse": 1.268825511635088e-08,
      "max_abs": 2.9451189778260298e-08,
      "min": -2.9277672459259974e-08,
      "max": 2.9451189778260298e-08
    }
  }
}