{
  "case": "hmi_sav_recheck",
  "metrics": {
    "bx": {
      "mae": 1.57975337647446e-06,
      "rmse": 3.922244725262453e-06,
      "corr": 1.0
    },
    "by": {
      "mae": 1.5058490962665497e-06,
      "rmse": 3.964093071758069e-06,
      "corr": 0.9999999999999987
    },
    "bz": {
      "mae": 2.1199188792990846e-06,
      "rmse": 6.6040974273292825e-06,
      "corr": 1.0
    }
  },
  "source": "/Users/gelu/Library/CloudStorage/Dropbox/@Projects/sim4fasr/gx_models/2025-11-26/hmi.M_720s.20251126_153431.W28S12CR.CEA.NAS.CHR.sav"
}