{
  "model": "/Users/gelu/Library/CloudStorage/Dropbox/@Projects/@SUNCAST-ORG/gximagecomputing/test_data/test.chr.sfq.sav",
  "bcube_shape": [
    3,
    100,
    100,
    150
  ],
  "comparison": "SAV base vs bcube[comp,0,:,:]",
  "metrics": {
    "bx": {
      "mae": 1.6221405210996511e-06,
      "rmse": 4.012315986098462e-06,
      "max_abs": 6.080090497562196e-05,
      "corr": 0.9999999999999994
    },
    "by": {
      "mae": 1.4568743384904078e-06,
      "rmse": 3.9375024885142055e-06,
      "max_abs": 6.0343546010699356e-05,
      "corr": 0.9999999999999989
    },
    "bz": {
      "mae": 2.1516091512664953e-06,
      "rmse": 6.60779304375578e-06,
      "max_abs": 0.00011130522534585907,
      "corr": 0.9999999999999993
    }
  },
  "relative_metrics": {
    "bx": {
      "mae": 1.0694200224729751e-08,
      "rmse": 1.2577351352353373e-08,
      "max_abs": 2.947504589978272e-08,
      "min": -2.943270427088855e-08,
      "max": 2.947504589978272e-08
    },
    "by": {
      "mae": 1.0630338775522108e-08,
      "rmse": 1.2525729411209104e-08,
      "max_abs": 2.9670365954442784e-08,
      "min": -2.9670365954442784e-08,
      "max": 2.957779187499768e-08
    },
    "bz": {
      "mae": 1.0736438323123445e-08,
      "rmse": 1.2641104655939948e-08,
      "max_abs": 2.957262448714083e-08,
      "min": -2.957262448714083e-08,
      "max": 2.9337709385480937e-08
    }
  }
}