{
  "model": "/Users/gelu/Library/CloudStorage/Dropbox/@Projects/@SUNCAST-ORG/gximagecomputing/test_data/test.chr.sfq.sav",
  "comparison": "SAV internal: base vs bcube[comp,0,:,:]",
  "orientation_applied": {
    "bx": "direct",
    "by": "direct",
    "bz": "direct"
  },
  "bcube_shape": [
    3,
    100,
    100,
    150
  ],
  "metrics": {
    "bx": {
      "mae": 1.6221405210996511e-06,
      "rmse": 4.012315986098462e-06,
      "max_abs": 6.080090497562196e-05,
      "corr": 0.9999999999999994,
      "mean_base": 17.699200209587392,
      "mean_corona_z0": 17.69920022081236,
      "std_base": 158.89416781021322,
      "std_corona_z0": 158.89416811975448
    },
    "by": {
      "mae": 1.4568743384904078e-06,
      "rmse": 3.9375024885142055e-06,
      "max_abs": 6.0343546010699356e-05,
      "corr": 0.9999999999999989,
      "mean_base": -3.465778898792007,
      "mean_corona_z0": -3.4657789064063382,
      "std_base": 153.18582513676304,
      "std_corona_z0": 153.18582501779747
    },
    "bz": {
      "mae": 2.1516091512664953e-06,
      "rmse": 6.60779304375578e-06,
      "max_abs": 0.00011130522534585907,
      "corr": 0.9999999999999993,
      "mean_base": -3.613539958395741,
      "mean_corona_z0": -3.6135399475966734,
      "std_base": 261.27454444887917,
      "std_corona_z0": 261.27454430961876
    }
  },
  "relative_metrics": {
    "bx": {
      "mae": 1.0694200224729751e-08,
      "rmse": 1.2577351352353373e-08,
      "max_abs": 2.947504589978272e-08,
      "min": -2.943270427088855e-08,
      "max": 2.947504589978272e-08,
      "mean": -4.123316611968701e-11,
      "std": 1.2577283763458506e-08,
      "valid_count": 15000,
      "total_count": 15000
    },
    "by": {
      "mae": 1.0630338775522108e-08,
      "rmse": 1.2525729411209104e-08,
      "max_abs": 2.9670365954442784e-08,
      "min": -2.9670365954442784e-08,
      "max": 2.957779187499768e-08,
      "mean": 7.30416191446163e-11,
      "std": 1.2525516444630196e-08,
      "valid_count": 15000,
      "total_count": 15000
    },
    "bz": {
      "mae": 1.0736438323123445e-08,
      "rmse": 1.2641104655939948e-08,
      "max_abs": 2.957262448714083e-08,
      "min": -2.957262448714083e-08,
      "max": 2.9337709385480937e-08,
      "mean": -3.384460570516875e-10,
      "std": 1.2636573158451337e-08,
      "valid_count": 15000,
      "total_count": 15000
    }
  }
}