{
  "model": "/Users/gelu/Library/CloudStorage/Dropbox/@Projects/@SUNCAST-ORG/gximagecomputing/test_data/test.chr.sav",
  "comparison": "SAV internal: base vs bcube[comp,0,:,:]",
  "orientation_applied": {
    "bx": "direct",
    "by": "direct",
    "bz": "direct"
  },
  "bcube_shape": [
    3,
    100,
    100,
    150
  ],
  "metrics": {
    "bx": {
      "mae": 1.57975337647446e-06,
      "rmse": 3.922244725262453e-06,
      "max_abs": 5.805137175229902e-05,
      "corr": 1.0,
      "mean_base": 20.760289256004352,
      "mean_corona_z0": 20.76028933189175,
      "std_base": 158.141523188936,
      "std_corona_z0": 158.1415231385388
    },
    "by": {
      "mae": 1.5058490962665497e-06,
      "rmse": 3.964093071758069e-06,
      "max_abs": 6.0316037206575857e-05,
      "corr": 0.9999999999999987,
      "mean_base": 2.5035482927451804,
      "mean_corona_z0": 2.5035482522569596,
      "std_base": 153.4599576330838,
      "std_corona_z0": 153.45995756039156
    },
    "bz": {
      "mae": 2.1199188792990846e-06,
      "rmse": 6.6040974273292825e-06,
      "max_abs": 0.00010938079549305257,
      "corr": 1.0,
      "mean_base": -6.430946940745334,
      "mean_corona_z0": -6.430946945556922,
      "std_base": 260.85061883132335,
      "std_corona_z0": 260.85061877549816
    }
  },
  "relative_metrics": {
    "bx": {
      "mae": 1.0721294503529591e-08,
      "rmse": 1.2638339058719516e-08,
      "max_abs": 2.953090434684886e-08,
      "min": -2.936127722657032e-08,
      "max": 2.953090434684886e-08,
      "mean": -1.426805097695133e-10,
      "std": 1.263753363735532e-08,
      "valid_count": 15000,
      "total_count": 15000
    },
    "by": {
      "mae": 1.0726166958668668e-08,
      "rmse": 1.268087596472053e-08,
      "max_abs": 2.9568531342535486e-08,
      "min": -2.9568531342535486e-08,
      "max": 2.9232768243288337e-08,
      "mean": 1.0602475040327561e-10,
      "std": 1.2680432720728766e-08,
      "valid_count": 15000,
      "total_count": 15000
    },
    "bz": {
      "mae": 1.077823764529019e-08,
      "rmse": 1.268825511635088e-08,
      "max_abs": 2.9451189778260298e-08,
      "min": -2.9277672459259974e-08,
      "max": 2.9451189778260298e-08,
      "mean": -7.023623811326272e-11,
      "std": 1.2688060717401222e-08,
      "valid_count": 15000,
      "total_count": 15000
    }
  }
}