{
  "input_type": "sav",
  "input": "/Users/gelu/Library/CloudStorage/Dropbox/@Projects/sim4fasr/gx_models/2025-11-26/hmi.M_720s.20251126_153431.W28S12CR.CEA.NAS.CHR.sav",
  "title": "Self-consistency (hmi_sav): base vs BCUBE z=0",
  "metrics": {
    "bx": {
      "mae": 1.57975337647446e-06,
      "rmse": 3.922244725262453e-06,
      "corr": 1.0,
      "min": -5.805137175229902e-05,
      "max": 5.709653032681672e-05
    },
    "by": {
      "mae": 1.5058490962665497e-06,
      "rmse": 3.964093071758069e-06,
      "corr": 0.9999999999999987,
      "min": -5.99237387177709e-05,
      "max": 6.0316037206575857e-05
    },
    "bz": {
      "mae": 2.1199188792990846e-06,
      "rmse": 6.6040974273292825e-06,
      "corr": 1.0,
      "min": -0.00010938079549305257,
      "max": 0.00010830259998328984
    }
  }
}