{
  "input_type": "sav",
  "input": "/Users/gelu/Library/CloudStorage/Dropbox/@Projects/sim4fasr/gx_models_sfq/2025-11-26/hmi.M_720s.20251126_153431.W28S12CR.CEA.NAS.CHR.sav",
  "title": "Self-consistency (sfq_sav): base vs BCUBE z=0",
  "metrics": {
    "bx": {
      "mae": 1.6221405210996511e-06,
      "rmse": 4.012315986098462e-06,
      "corr": 0.9999999999999994,
      "min": -6.080090497562196e-05,
      "max": 5.969598169031087e-05
    },
    "by": {
      "mae": 1.4568743384904078e-06,
      "rmse": 3.9375024885142055e-06,
      "corr": 0.9999999999999989,
      "min": -6.0036672266505775e-05,
      "max": 6.0343546010699356e-05
    },
    "bz": {
      "mae": 2.1516091512664953e-06,
      "rmse": 6.60779304375578e-06,
      "corr": 0.9999999999999993,
      "min": -0.00011130522534585907,
      "max": 0.00010808452589117223
    }
  }
}