{
  "input_type": "h5",
  "input": "/tmp/pyampp_models_full_sfq/2025-11-26/hmi.M_720s.20251126_154752.W28S12CR.CEA.POT.h5",
  "title": "Self-consistency SFQ POT: base vs corona z=0",
  "metrics": {
    "bx": {
      "mae": 62.32215687379759,
      "rmse": 102.13329962876828,
      "corr": 0.8084873553063083,
      "min": -1549.7557592238022,
      "max": 511.21254862998023
    },
    "by": {
      "mae": 66.39884274710077,
      "rmse": 116.4882181840967,
      "corr": 0.7881787644906696,
      "min": -1646.6129789918054,
      "max": 482.30188460103216
    },
    "bz": {
      "mae": 5.2271545584435996e-14,
      "rmse": 8.89053438965241e-14,
      "corr": 1.0,
      "min": -1.3642420526593924e-12,
      "max": 4.547473508864641e-13
    }
  }
}