{
  "input_type": "h5",
  "input": "/tmp/pyampp_models_full_hmi/2025-11-26/hmi.M_720s.20251126_154752.W28S12CR.CEA.POT.h5",
  "title": "Self-consistency HMI POT: base vs corona z=0",
  "metrics": {
    "bx": {
      "mae": 79.7954397202099,
      "rmse": 114.47252269419558,
      "corr": 0.7601555901138386,
      "min": -1552.4285815611354,
      "max": 509.4897061068647
    },
    "by": {
      "mae": 81.66407833442545,
      "rmse": 124.11892985713416,
      "corr": 0.7581416973661755,
      "min": -1645.2147458520233,
      "max": 480.99382575851524
    },
    "bz": {
      "mae": 5.138622976204784e-14,
      "rmse": 8.910757617947617e-14,
      "corr": 1.0,
      "min": -9.094947017729282e-13,
      "max": 6.821210263296962e-13
    }
  }
}